"key","where","context","max","english","example","translation","status"
"Clear","glance","Glance and main screen, when caffeine is low enough to sleep. Means 'all clear'.","12","Clear","","",""
"GlanceSafeIn","glance","Glance status line. $1$ is a duration such as 3h 20m.","19","Safe in $1$","Safe in 23h 59m","",""
"UnitHour","glance","Hour abbreviation in durations and on the graph axis (3h, +4h).","3","h","","",""
"UnitMinute","glance","Minute abbreviation in durations (20m).","4","m","","",""
"SummaryUnit","watch","Under the big number on the main screen.","16","mg caffeine","","",""
"SummarySleepSafeIn","watch","Main screen. $1$ is a duration such as 3h 20m.","23","Sleep safe in $1$","Sleep safe in 23h 59m","",""
"SummaryIntake","watch","Main screen. $1$ = caffeine taken today, $2$ = daily limit.","22","$1$ / $2$ mg today","1000 / 1000 mg today","",""
"SummaryHint","watch","Hint at the bottom of the main screen. Very narrow on round watches.","20","Press to add drink","","",""
"TitleTimeline","watch","Title of the graph screen.","20","Caffeine Timeline","","",""
"TimelineNow","watch","Label under the graph marking the present moment.","6","now","","",""
"TimelineNowLevel","watch","Below the graph. $1$ is the current caffeine level.","18","Now: $1$ mg","Now: 999 mg","",""
"TitleLog","watch","Title of today's drink list.","20","Today's Drinks","","",""
"NoDrinksToday","watch","Shown when nothing was logged today.","22","No drinks today","","",""
"TitleHistory","watch","Title of the history screen.","20","History","","",""
"NoHistoryYet","watch","Shown when there is no history.","22","No history yet","","",""
"DetailsExpired","watch","Day detail, when the per-drink data is older than 14 days.","30","Details expired after 14 days","","",""
"DateShort","watch","Date in the history list. $1$ = month abbreviation, $2$ = day. Reorder as your language needs.","10","$1$ $2$","Sep 30","",""
"DateLong","watch","Date heading of one day. $1$ = month abbreviation, $2$ = day, $3$ = year.","14","$1$ $2$, $3$","Sep 30, 2026","",""
"MenuAddDrink","watch","Menu title.","20","Add Drink","","",""
"MenuEditDrink","watch","Menu title.","20","Edit Drink","","",""
"MenuEditTime","watch","Menu title.","20","Edit Time","","",""
"ItemEditTime","watch","Menu item.","20","Edit time","","",""
"ItemDelete","watch","Menu item.","20","Delete","","",""
"OffsetMinus15m","watch","Menu item: the drink was 15 minutes earlier.","12","-15 min","","",""
"OffsetMinus30m","watch","Menu item: the drink was 30 minutes earlier.","12","-30 min","","",""
"OffsetMinus1h","watch","Menu item: the drink was 1 hour earlier.","12","-1 hour","","",""
"OffsetMinus2h","watch","Menu item: the drink was 2 hours earlier.","12","-2 hours","","",""
"OffsetMinus3h","watch","Menu item: the drink was 3 hours earlier.","12","-3 hours","","",""
"OffsetPlus15m","watch","Menu item: the drink was 15 minutes later.","12","+15 min","","",""
"OffsetPlus30m","watch","Menu item: the drink was 30 minutes later.","12","+30 min","","",""
"PresetEspresso","watch companion","Default drink name.","18","Espresso","","",""
"PresetAmericano","watch companion","Default drink name.","18","Americano","","",""
"PresetDripS","watch companion","Default drink name: small filter coffee.","18","Drip Coffee (S)","","",""
"PresetDripL","watch companion","Default drink name: large filter coffee.","18","Drip Coffee (L)","","",""
"PresetLatte","watch companion","Default drink name.","18","Latte","","",""
"PresetGreenTea","watch companion","Default drink name.","18","Green Tea","","",""
"PresetBlackTea","watch companion","Default drink name.","18","Black Tea","","",""
"PresetRedBull","watch companion","Brand name. Keep as is.","18","Red Bull","","",""
"PresetMonster","watch companion","Brand name. Keep as is.","18","Monster","","",""
"PresetCola","watch companion","Default drink name.","18","Cola","","",""
"PresetDarkChocolate","watch companion","Default drink name.","18","Dark Chocolate","","",""
"PresetPreWorkout","watch companion","Default drink name: pre-workout supplement.","18","Pre-Workout","","",""
"SettingDailyLimit","settings","Phone settings title.","","Daily Caffeine Limit (mg)","","",""
"SettingBedtimeHour","settings","Phone settings title.","","Bedtime Hour (0-23)","","",""
"SettingBedtimeMinute","settings","Phone settings title.","","Bedtime Minute (0-59)","","",""
"SettingAlertWarning","settings","Phone settings switch.","","Warn at 80% of limit","","",""
"SettingAlertReached","settings","Phone settings switch.","","Alert when limit reached","","",""
"SettingAlertSafe","settings","Phone settings switch.","","Safe to sleep notification","","",""
"SettingHalfLife","settings","Phone settings title.","","Caffeine half-life (hours)","","",""
"SettingThemeTitle","settings","Phone settings title.","","Background theme","","",""
"ThemeNavy","settings","Theme option.","","Navy (default)","","",""
"ThemeBlack","settings","Theme option.","","Black","","",""
"SettingPresetsTitle","settings","Phone settings title of the drink list.","","Drink Presets","","",""
"SettingPresetName","settings","Field label.","","Name","","",""
"SettingPresetMg","settings","Field label.","","Caffeine (mg)","","",""
"CTitle","companion","Browser title of the companion page.","","HalfLife Caffeine Settings","","",""
"CTabSettings","companion","Tab.","","Settings","","",""
"CTabHistory","companion","Tab.","","History","","",""
"CTabTrends","companion","Tab.","","Trends","","",""
"CHLimits","companion","Section heading.","","Limits","","",""
"CDailyLimit","companion","Field label.","","Daily Limit (mg)","","",""
"CHalfLife","companion","Field label.","","Caffeine half-life (h)","","",""
"CHBedtime","companion","Section heading.","","Bedtime","","",""
"CBedtimeHour","companion","Field label.","","Bedtime Hour","","",""
"CBedtimeMinute","companion","Field label.","","Bedtime Minute","","",""
"CHNotifications","companion","Section heading.","","Notifications","","",""
"CWarn80","companion","Switch label.","","Warn at 80%","","",""
"CAlert100","companion","Switch label.","","Alert at 100%","","",""
"CSafeToSleep","companion","Switch label.","","Safe to sleep","","",""
"CHPresets","companion","Section heading.","","Drink Presets","","",""
"CPhDrinkName","companion","Placeholder in the new-drink name field.","","Drink name","","",""
"CBtnAdd","companion","Button.","","Add","","",""
"CBtnSave","companion","Button.","","Save Settings","","",""
"CHHistory","companion","Section heading.","","Drink History","","",""
"CHOverview","companion","Section heading.","","Overview","","",""
"CAvg7","companion","Statistic label.","","7-Day Average","","",""
"CAvg30","companion","Statistic label.","","30-Day Average","","",""
"CDaysOver","companion","Statistic label.","","Days Over Limit","","",""
"CHDailyIntake","companion","Chart heading.","","Daily Intake","","",""
"CHPeakHours","companion","Chart heading.","","Peak Hours","","",""
"CEmptyHistory1","companion","Empty history, first line.","","No drink history yet.","","",""
"CEmptyHistory2","companion","Empty history, second line.","","Log drinks on your watch to see them here.","","",""
"CUnknownDrink","companion","Shown for a logged drink that has no name.","","Unknown","","",""
"CSavedLocally","companion","Message when settings could not be sent to the watch.","","Settings saved locally.","","",""
