"key","where","context","max","english","translation","status"
"Clear","glance","Glance and main screen, when caffeine is low enough to sleep. Means 'all clear'.","12","Clear","Alles klar",""
"GlanceSafeIn","glance","Glance status line. $1$ is a duration such as 3h 20m.","14","Safe in $1$","Schlaf in $1$",""
"UnitHour","glance","Hour abbreviation in durations and on the graph axis (3h, +4h).","3","h","h",""
"UnitMinute","glance","Minute abbreviation in durations (20m).","4","m","min",""
"SummaryUnit","watch","Under the big number on the main screen.","16","mg caffeine","mg Koffein",""
"SummarySleepSafeIn","watch","Main screen. $1$ is a duration such as 3h 20m.","22","Sleep safe in $1$","Schlafbereit in $1$",""
"SummaryIntake","watch","Main screen. $1$ = caffeine taken today, $2$ = daily limit.","22","$1$ / $2$ mg today","$1$ / $2$ mg heute",""
"SummaryHint","watch","Hint at the bottom of the main screen. Very narrow on round watches.","22","Press to add drink","Drücken zum Hinzufügen",""
"TitleTimeline","watch","Title of the graph screen.","20","Caffeine Timeline","Koffeinverlauf",""
"TimelineNow","watch","Label under the graph marking the present moment.","6","now","jetzt",""
"TimelineNowLevel","watch","Below the graph. $1$ is the current caffeine level.","18","Now: $1$ mg","Jetzt: $1$ mg",""
"TitleLog","watch","Title of today's drink list.","20","Today's Drinks","Heutige Getränke",""
"NoDrinksToday","watch","Shown when nothing was logged today.","22","No drinks today","Heute keine Getränke",""
"TitleHistory","watch","Title of the history screen.","20","History","Verlauf",""
"NoHistoryYet","watch","Shown when there is no history.","22","No history yet","Noch kein Verlauf",""
"DetailsExpired","watch","Day detail, when the per-drink data is older than 14 days.","30","Details expired after 14 days","Details nach 14 Tagen gelöscht",""
"DateShort","watch","Date in the history list. $1$ = month abbreviation, $2$ = day. Reorder as your language needs.","10","$1$ $2$","$2$. $1$",""
"DateLong","watch","Date heading of one day. $1$ = month abbreviation, $2$ = day, $3$ = year.","14","$1$ $2$, $3$","$2$. $1$ $3$",""
"MenuAddDrink","watch","Menu title.","20","Add Drink","Getränk hinzufügen",""
"MenuEditDrink","watch","Menu title.","20","Edit Drink","Getränk bearbeiten",""
"MenuEditTime","watch","Menu title.","20","Edit Time","Zeit ändern",""
"ItemEditTime","watch","Menu item.","20","Edit time","Zeit ändern",""
"ItemDelete","watch","Menu item.","20","Delete","Löschen",""
"OffsetMinus15m","watch","Menu item: the drink was 15 minutes earlier.","12","-15 min","-15 Min.",""
"OffsetMinus30m","watch","Menu item: the drink was 30 minutes earlier.","12","-30 min","-30 Min.",""
"OffsetMinus1h","watch","Menu item: the drink was 1 hour earlier.","12","-1 hour","-1 Std.",""
"OffsetMinus2h","watch","Menu item: the drink was 2 hours earlier.","12","-2 hours","-2 Std.",""
"OffsetMinus3h","watch","Menu item: the drink was 3 hours earlier.","12","-3 hours","-3 Std.",""
"OffsetPlus15m","watch","Menu item: the drink was 15 minutes later.","12","+15 min","+15 Min.",""
"OffsetPlus30m","watch","Menu item: the drink was 30 minutes later.","12","+30 min","+30 Min.",""
"PresetEspresso","watch companion","Default drink name.","18","Espresso","Espresso",""
"PresetAmericano","watch companion","Default drink name.","18","Americano","Americano",""
"PresetDripS","watch companion","Default drink name: small filter coffee.","18","Drip Coffee (S)","Filterkaffee (K)",""
"PresetDripL","watch companion","Default drink name: large filter coffee.","18","Drip Coffee (L)","Filterkaffee (G)",""
"PresetLatte","watch companion","Default drink name.","18","Latte","Latte",""
"PresetGreenTea","watch companion","Default drink name.","18","Green Tea","Grüner Tee",""
"PresetBlackTea","watch companion","Default drink name.","18","Black Tea","Schwarzer Tee",""
"PresetRedBull","watch companion","Brand name. Keep as is.","18","Red Bull","Red Bull",""
"PresetMonster","watch companion","Brand name. Keep as is.","18","Monster","Monster",""
"PresetCola","watch companion","Default drink name.","18","Cola","Cola",""
"PresetDarkChocolate","watch companion","Default drink name.","18","Dark Chocolate","Dunkle Schokolade",""
"PresetPreWorkout","watch companion","Default drink name: pre-workout supplement.","18","Pre-Workout","Pre-Workout",""
"SettingDailyLimit","settings","Phone settings title.","","Daily Caffeine Limit (mg)","Tägliches Koffeinlimit (mg)",""
"SettingBedtimeHour","settings","Phone settings title.","","Bedtime Hour (0-23)","Schlafenszeit – Stunde (0-23)",""
"SettingBedtimeMinute","settings","Phone settings title.","","Bedtime Minute (0-59)","Schlafenszeit – Minute (0-59)",""
"SettingAlertWarning","settings","Phone settings switch.","","Warn at 80% of limit","Warnung bei 80 % des Limits",""
"SettingAlertReached","settings","Phone settings switch.","","Alert when limit reached","Alarm bei Erreichen des Limits",""
"SettingAlertSafe","settings","Phone settings switch.","","Safe to sleep notification","Hinweis: schlafbereit",""
"SettingHalfLife","settings","Phone settings title.","","Caffeine half-life (hours)","Koffein-Halbwertszeit (Stunden)",""
"SettingThemeTitle","settings","Phone settings title.","","Background theme","Hintergrund",""
"ThemeNavy","settings","Theme option.","","Navy (default)","Marineblau (Standard)",""
"ThemeBlack","settings","Theme option.","","Black","Schwarz",""
"SettingPresetsTitle","settings","Phone settings title of the drink list.","","Drink Presets","Getränkevorlagen",""
"SettingPresetName","settings","Field label.","","Name","Name",""
"SettingPresetMg","settings","Field label.","","Caffeine (mg)","Koffein (mg)",""
"CTitle","companion","Browser title of the companion page.","","HalfLife Caffeine Settings","HalfLife Caffeine – Einstellungen",""
"CTabSettings","companion","Tab.","","Settings","Einstellungen",""
"CTabHistory","companion","Tab.","","History","Verlauf",""
"CTabTrends","companion","Tab.","","Trends","Trends",""
"CHLimits","companion","Section heading.","","Limits","Limits",""
"CDailyLimit","companion","Field label.","","Daily Limit (mg)","Tageslimit (mg)",""
"CHalfLife","companion","Field label.","","Caffeine half-life (h)","Koffein-Halbwertszeit (h)",""
"CHBedtime","companion","Section heading.","","Bedtime","Schlafenszeit",""
"CBedtimeHour","companion","Field label.","","Bedtime Hour","Schlafenszeit – Stunde",""
"CBedtimeMinute","companion","Field label.","","Bedtime Minute","Schlafenszeit – Minute",""
"CHNotifications","companion","Section heading.","","Notifications","Benachrichtigungen",""
"CWarn80","companion","Switch label.","","Warn at 80%","Warnung bei 80 %",""
"CAlert100","companion","Switch label.","","Alert at 100%","Alarm bei 100 %",""
"CSafeToSleep","companion","Switch label.","","Safe to sleep","Schlafbereit",""
"CHPresets","companion","Section heading.","","Drink Presets","Getränkevorlagen",""
"CPhDrinkName","companion","Placeholder in the new-drink name field.","","Drink name","Getränkename",""
"CBtnAdd","companion","Button.","","Add","Hinzufügen",""
"CBtnSave","companion","Button.","","Save Settings","Einstellungen speichern",""
"CHHistory","companion","Section heading.","","Drink History","Getränkeverlauf",""
"CHOverview","companion","Section heading.","","Overview","Übersicht",""
"CAvg7","companion","Statistic label.","","7-Day Average","7-Tage-Durchschnitt",""
"CAvg30","companion","Statistic label.","","30-Day Average","30-Tage-Durchschnitt",""
"CDaysOver","companion","Statistic label.","","Days Over Limit","Tage über dem Limit",""
"CHDailyIntake","companion","Chart heading.","","Daily Intake","Tägliche Aufnahme",""
"CHPeakHours","companion","Chart heading.","","Peak Hours","Spitzenzeiten",""
"CEmptyHistory1","companion","Empty history, first line.","","No drink history yet.","Noch kein Getränkeverlauf.",""
"CEmptyHistory2","companion","Empty history, second line.","","Log drinks on your watch to see them here.","Erfasse Getränke auf der Uhr, um sie hier zu sehen.",""
"CUnknownDrink","companion","Shown for a logged drink that has no name.","","Unknown","Unbekannt",""
"CSavedLocally","companion","Message when settings could not be sent to the watch.","","Settings saved locally.","Einstellungen lokal gespeichert.",""
